UF,Jan/2004,Fev/2004,Mar/2004,Abr/2004,Mai/2004,Jun/2004,Jul/2004,Ago/2004,Set/2004,Out/2004,Nov/2004,Dez/2004,Jan/2005,Fev/2005,Mar/2005,Abr/2005,Mai/2005,Jun/2005,Jul/2005,Ago/2005,Set/2005,Out/2005,Nov/2005,Dez/2005,Jan/2006,Fev/2006,Mar/2006,Abr/2006,Mai/2006,Jun/2006,Jul/2006,Ago/2006,Set/2006,Out/2006,Nov/2006,Dez/2006,Jan/2007,Fev/2007,Mar/2007,Abr/2007,Mai/2007,Jun/2007,Jul/2007,Ago/2007,Set/2007,Out/2007,Nov/2007,Dez/2007,Jan/2008,Fev/2008,Mar/2008,Abr/2008,Mai/2008,Jun/2008,Jul/2008,Ago/2008,Set/2008,Out/2008,Nov/2008,Dez/2008,Jan/2009,Fev/2009,Mar/2009,Abr/2009,Mai/2009,Jun/2009,Jul/2009,Ago/2009,Set/2009,Out/2009,Nov/2009,Dez/2009,Jan/2010,Fev/2010,Mar/2010,Abr/2010,Mai/2010,Jun/2010,Jul/2010,Ago/2010,Set/2010,Out/2010,Nov/2010,Dez/2010,Jan/2011,Fev/2011,Mar/2011,Abr/2011,Mai/2011,Jun/2011,Jul/2011,Ago/2011,Set/2011,Out/2011,Nov/2011,Dez/2011,Jan/2012,Fev/2012,Mar/2012,Abr/2012,Mai/2012,Jun/2012,Jul/2012,Ago/2012,Set/2012,Out/2012,Nov/2012,Dez/2012,Jan/2013,Fev/2013,Mar/2013,Abr/2013,Mai/2013,Jun/2013,Jul/2013,Ago/2013,Set/2013,Out/2013,Nov/2013,Dez/2013,Jan/2014,Fev/2014,Mar/2014,Abr/2014,Mai/2014,Jun/2014,Jul/2014,Ago/2014,Set/2014,Out/2014,Nov/2014,Dez/2014,Jan/2015,Fev/2015,Mar/2015,Abr/2015,Mai/2015,Jun/2015,Jul/2015,Ago/2015,Set/2015,Out/2015,Nov/2015,Dez/2015,Jan/2016,Fev/2016,Mar/2016,Abr/2016,Mai/2016,Jun/2016,Jul/2016,Ago/2016,Set/2016,Out/2016,Nov/2016,Dez/2016,Jan/2017,Fev/2017,Mar/2017,Abr/2017,Mai/2017,Jun/2017,Jul/2017,Ago/2017,Set/2017,Out/2017,Nov/2017,Dez/2017,Jan/2018,Fev/2018,Mar/2018,Abr/2018,Mai/2018,Jun/2018,Jul/2018,Ago/2018,Set/2018,Out/2018,Nov/2018,Dez/2018,Jan/2019,Fev/2019,Mar/2019,Abr/2019,Mai/2019,Jun/2019,Jul/2019,Ago/2019,Set/2019,Out/2019,Nov/2019,Dez/2019,Jan/2020,Fev/2020,Mar/2020,Abr/2020,Mai/2020,Jun/2020,Jul/2020,Ago/2020,Set/2020,Out/2020,Nov/2020,Dez/2020,Jan/2021,Fev/2021,Mar/2021,Abr/2021,Mai/2021,Jun/2021,Jul/2021,Ago/2021,Set/2021,Out/2021,Nov/2021,Dez/2021,Jan/2022,Fev/2022,Mar/2022,Abr/2022,Mai/2022,Jun/2022,Jul/2022,Ago/2022,Set/2022,Out/2022,Nov/2022,Dez/2022,Jan/2023,Fev/2023,Mar/2023,Abr/2023,Mai/2023,Jun/2023,Jul/2023,Ago/2023,Set/2023,Out/2023,Nov/2023,Dez/2023,Jan/2024,Fev/2024,Mar/2024,Abr/2024,Mai/2024,Jun/2024,Jul/2024,Ago/2024,Set/2024,Out/2024,Nov/2024,Dez/2024,Jan/2025,Fev/2025,Mar/2025,Abr/2025,Mai/2025,Jun/2025,Jul/2025,Ago/2025,Set/2025,Out/2025,Nov/2025,Dez/2025
Brasil,26978361.463,26508269.295,27284337.172,28046181.323,27248156.753,27082960.944,27346004.948,27656857.938,28282497.483,28509867.266,28363330.608,28562105.664,28375437.028,27887617.663,28557969.391,29347026.811,28482150.416,28320549.733,28322316.846,28765002.673,29335127.541,29145312.091,29287616.41,29505145.615,28880910.258,29383486.213,29953891.885,29839706.683,28967570.394,29060245.3,29072009.157,29886235.701,29945477.065,30093621.072,30552177.883,30493978.636,30699704,30324669,31312900,32030744,31382917,30766760,30501339,31181133,31735736,32135735,32654491,32304926,31855946.235,31730940.653,32118714.812,31952656.284,32299963.365,31742987.811,32150090.043,33013174.636,32963808.691,33672661.377,33412176.533,31559278.45,30666661.8,30495142.71,31977749.51,32042792.8,30945452.9,30715085.95,31325075.23,32262205.6,32716665.81,33419533.14,33616820.2,34123194.7,33360460.713,33729757.748,35116881.82,35025860.491,34296978,34169459,33849349,34713394.229,35182271.015,35188924.989,35077981.259,35956439.401,35873744.262,35444916.658,36350690.052,36048318.049,35565987.385,35159573.72,35417292.622,36335812.841,36965189.336,36743770.383,36368389.766,36741948.783,36305167.295,36888068.031,38635573.738,37995869.087,36810191.044,36528393.119,35917147.205,37179602.514,37661696.092,37796014.01,38643584.202,37765084.44,38391038.186,38029466.702,38468143.223,38673536.713,38371701.462,37653536.004,37723943.58,38639358.179,38550775.84,39411959.827,39945438.838,39583058.05,40305915.622,41566187.574,40273024.941,39572225.569,39129407.102,37755865.24,37816158.043,38686460.56,38928294.084,40132081.881,40987338.733,39883611.647,40715758.493,40673351.162,39720790.296,39552923.499,38160017.134,37220116.926,36777765.092,37809349.908,37789561.798,39265963.707,39208066.07,38629199.706,38441185.723,38756965.712,39479836.439,40307615.949,38684472.105,37590445.232,37298613.97,37720362.486,38378744.723,38233197.089,38787248.89,38793146.598,39390925.695,38876216.089,40588191.638,39469179.804,38194806.169,38145630.972,37313120.352,37890279.692,39037733.996,39385247.19,39865750.021,39631405.246,40070500.903,39207355.112,41139181.652,40720966.787,39315289.454,38233798.745,38544210.309,39056524.67,39079395.426,40427600.641,40441436.493,40055542.464,41816588.197,41325116.299,41309918.907,39885843.874,40658706.333,38612537.203,38484865.432,38808496.909,39466725.339,41283796.817,41994716.132,40951663.742,41330507.384,40997019.683,41150572.169,37266107.527,36134301.376,35781921.078,37883701.304,39255765.497,40363595.343,42886520.779,41425295.569,42176494.605,43080415.504,41489041.284,43666921.296,42661738.923,40801306.65,40450616.088,40210303.031,40924423.919,41973864.854,42625710.439,41886182.78,42940269.132,42587170.246,41862293.123,44634052.514,43271682.786,42070672.157,40951241.764,41246528.704,42149571.004,42327461.51,42526684.268,42732101.271,43236782.046,42549629.629,43027744.696,45729775.977,44888690.779,43172332.581,42665068.536,42021775.911,43438938.148,44485270.446,46080544.706,46674580.914,47232339.213,46976325.166,46373741.877,47956129.715,47398653.253,47111525.499,45636916.404,44922213.452,46140839.893,46412346.637,48003693.416,47377957.646,47380090.858,47152630.534,47860529.608,49235826.448,47025029.798,46671397.403,45088257.533,45303092.973,,,,,
Rondonia,112812,105806,106668,107580,112115.8,107816.5,108589,110858,116058,120268,119959,116378,116926,109653,116662,115809,117752,119882,123359,115911,122495,124693,127387,128797,122877,116242,120809,121517,117740,119680,131681,129918,139183,137709,131735,134813,128493,128342,124676,130877,134470,131916,137448,135274,148596,144772,145373,143568,138465,133501,134855,138913,141117,140705,139671,153353,160247,155112,159680,154233,149272,146857,142553,149795,157115,153570,157224,163459,172020,172568,177619,171703,167599,157710,168817,181107,182040,179747,184630,176559,190761,208602,197194,189815,189384,179184,175311,188043,185251,196137,202144,206773,211551,216961,214947,212161,207648,202111,236370,220371,233506,237786,224545,260049,253310,245704,267545,237203,225761,217919,226616,236394,247498,236254,255981,237287,255615,262580,249556,278963,244037,230153,239835,248221,245102,249128,243747,257835,277468,274002,263181,258822,244764,230287,242428,247535,240618,249976,247241,256387,274622,274426,262361,262404,238440,240311,249848,243650,240798,236197,240150,257792,245969,253212,253243,244761,233549,225403,246144,234192,260681,255041,247976,273801,278307,277698,276785,257363,249348.7,244860.991,257309.292,260804.241,265516.675,244356.774,262378.795,278297.223,262416.354,299252.716,279292.956,249342.134,258933.808,252680.087,254847.19,260772.235,268913.226,254185.203,277543.922,275256.837,304632.333,280828.271,274057.424,284963.915,261824.625,279572.706,267371.407,258342.697,261114.496,246812.239,271912.003,289946.057,312238.092,317105.417,296981.44,324405.773,251932.997,252583.343,250909.56,275481.238,276388.096,276876.651,269289.685,295606.605,308915.783,312595.463,292503.25,296180.944,283907.764,259218.671,290698.038,280900.725,301534.085,284096.215,295843.238,313750.794,318604.322,321761.045,302531.677,320931.355,286287.391,271134.662,311349.203,292817.773,316123.897,314709.567,301897.381,334233.32,349925.468,343011.774,355086.218,347185.732,327037.474,310108.848,326466.726,338370.479,349553.601,325289.449,336288.411,341362.114,366510.26,384246.796,346769.11,332224.091,316399.698,316098.215,320867.166,315792.079,348982.113,332276.27,326423.302,,,,,
Acre,34840.033,33050.335,33858.038,34961.023,33416.604,32048.595,33659.693,34837.451,36879.798,36948.043,38066.121,36879.968,36639.007,35531.843,37499.686,34285.902,34663.763,38933.598,37976.619,36379.845,39859.91,41717.158,42666.85,41224.338,39805.15,39150.578,39284.582,41205.66,38259.485,38734.451,43788.34,41193.171,45486.086,44970.393,46118.946,46769.904,42215,45068,44111,43629,44184,41859,44820,44102,47298,49165,48531,46336,46028,45807,45097,46184,45889,45104,46190,52834,51827,52747,53493,51403,50426,49322,44789,51492,49207,48626,48780,51280,56546,56857,57219,56722,53456.752,52271.748,51993.82,57454.491,55569,52381,55599,53520.229,58380.511,63197.527,60934.572,58492.712,60050.262,58444.658,53699.052,56565.049,60146.385,60014.72,57540.622,62747.841,63004.336,64723.383,68048.766,63379.783,62817.082,61945.547,64320.429,68904.777,65332.154,64656.832,67522.908,71229.697,73208.161,76832.388,74627.655,70586.024,67456.738,65826.72,66980.551,68672.428,69304.566,70842.008,70232.027,69668.262,70867.164,77618.377,73825.54,72816.244,74096,72453,70003,71360,73009,70033,69657,72093,79577,80814,74031,79434,73649,70855,77460,79023,75929,78707,80557,85781,86498,87334,87299,90645,81384,81581,87242,83786,82541,78918,80393,88980,84134,87305,88311,89670,86061,79907,85592,84410,88816,86505,87019,97364,97625,98577,90208,89902,81045.295,79121.055,76322.343,74646.764,81720.706,74896.406,79554.758,80491.605,85699.548,91642.673,93348.492,80665.415,87600.574,79985.828,85525.308,87895.332,89633.329,94462.192,90606.416,86074.195,99064.007,93099.102,96031.434,92982.318,88606.352,95495.734,94487.845,86016.385,81074.839,80542.599,81325.677,92588.091,101308.821,100665.526,100460.124,99997.845,93243.217,86350.639,84782.585,86435.668,82508.489,91990.012,80268.482,91211.899,103203.213,106137.954,94749.86,94266.236,94782.408,87771.053,90612.322,91868.506,94409.601,88061.95,97146.428,101204.132,99389.56,104935.313,102684.588,100845.179,96232.465,90887.219,97753.695,93723.095,98917.413,97588.352,99208.354,111051.632,117116.696,116602.711,117852.583,113007.964,109813.754,104112.843,104085.459,114835.173,113443.154,101217.717,103116.56,109270.701,111170.3,124271.821,112883.412,109749.805,108504.507,106317.112,105435.139,106820.097,113776.736,106044.292,98664.58,,,,,
Amazonas,274773,278429.715,270420,279044.699,283866,285251,295884,296649.546,308616.486,319945.538,310684.201,321545.383,299782.709,289645.328,289247.037,296436.198,297431.238,310960.693,317580.807,322775.969,338804.189,332436.139,334370.882,315160.284,298209.994,304794.665,302553.996,315254.476,314094.504,322463.107,330310.065,339054.079,359009.069,346915.181,355092.777,336693.145,312475,320268,323030,334719,335441,350911,337251,356199,361337,367171,376022,360832,331368,331440,339761,341144,361100,359481,359733,390771,398919,388833,394311,359102,329661,318688,331379,334981,345127,351824,347954,394413,391390,409734,405576,401029,369600,368840,363423,404806,392430,404911,388102,419005,432059,435048,429563,407452,388938,377546,394293,394888,399888,422015,425545,458233,468046,469410,450418,436132,425582,473933,455374,437666,451756,456900,459974,493586,477170,496783,507143,460459,459640,446605,457277,479972,484281,493425,517886,520991,519050,549053,532085,505958,501549,479463,495404,498706,529186,493025,528946,547175,569778,559531,544129,528333,524542,485964,517260,508045,509000,504937,530012,558743,571653,603861,538961,504238,509002,490478,504398,485366,485827,489546,511318,499234,507842,516974,545540,443651,472277,442950,476521,455630,489485,494611,489740,542340,509960,509684,506961,463702,460127.645,438587.648,504913.895,490246.158,500161.024,482612.739,505174.435,535617.33,511131.408,562722.687,515469.973,459660.42,470117,462127,507987,511648,516444,497996,523630,554366,526283,521774,533501,516102,524796.464,523376.901,537167.064,426645.201,442029.648,487377.443,540538.925,556146.686,562477.408,560716.83,537850.232,509005.1,460429,429324,480872,500805,516451,529175.271,530748.127,573597.82,578502.461,576573.669,570307.75,537035.07,525347,503927,544800,516769,544202,536348,563865,619318,608589,607486,596570,547536,533209,497067,570246,562062,600753,596287,629670,679809,682470,680183,653955,598571,617702,622250,639772,638760,653774,636390,686656,723104,731287,735541,698210,642027,627254,610899,625800,637535,674173,647103,676595,,,,,
Roraima,31695.624,30802.288,30275.526,33035.03,28944.364,29531.804,28212.474,28722.604,29796.9,31634.274,33054.7,34181.799,32339.61,31152.728,30294.337,32622.687,30139.324,29714.073,29958.29,29800.845,32703.05,32953.523,36234.548,31643.831,30879.223,31221.036,31184.036,30199.036,31517.003,30675.922,28797.63,29695.443,33964.773,34886.927,35116.312,33793.402,35749,33111,35788,35881,35211,34038,31787,34555,35567,36003,39537,38067,35196,36036,36752,37186,37758,35306,34910,34816,39908,40884,41631,39615,37512,38286,38990,39939,43593,38707,37708,38813,42774,45239,46723,42969,45039,42057,42994,48046,43976,44339,40962,42709,46918,50687,48285,46684,51583,42573,47843,48910,46913,44776,44796,46486,52876,55717,50158,54368,51477,49733,55258,59543,51056,54152,51156,51246,54452,60120,62595,61137,57109,55096,55240,64538,55980,55092,56512,55793,58188,66509,62393,62667,64086,60271,64594,65175,67546,63062,61773,60610,73435,77060,69559,74493,74457,66881,76847,72466,67716,64979,68119,68717.49,77919,87201,79968,77761,72024,75122,82944,77185,72095,68886,66836,85097,75884,79239,79741,80047,73265,68655,78491,70774,75224,70145,67137,79253,78906,85371,87734,82858,76488.951,79149.043,82289.466,84250.302,73826.066,70981.789,67097.606,78815.092,76490.583,93616.185,87809.169,74624.093,78396.476,75134.82,83627.414,87274.178,77105.395,65037.789,73222.157,71494.281,77278.337,83318.514,80665.585,79534.798,81193.981,77622.371,90509.491,80798.439,73349.636,71887.826,74521.782,74453.163,85026.951,90363.507,86429.481,89148.089,79505.97,79350.602,78648.924,86793.194,78872.782,79367.203,82118.981,83746.926,95028.772,96460.695,100007.222,95919.699,89988.264,92881.772,94967.166,92541.958,88947.081,85622.555,86981.246,99939.7,100954.568,106562.165,98872.356,97208.321,96816.979,90416.475,106504.535,101257.926,100723.367,96568.085,91181.116,111981.268,119527.662,121475.176,118945.458,110922.229,118701.353,114949.122,118946.214,127774.234,110801.204,93737.994,102722.415,110772.728,121734.32,126974.337,129966.672,126137.591,118381.806,105864.143,110771.304,110833.799,107024.896,103977.411,103960.599,,,,,
Para,1011353.052,967109.32,1022952.837,1032232.985,1057805.507,1067141.38,1083198.597,1138723.474,1069492,1090780.37,1097026.801,1110612.475,1083695.068,1035911.599,1076643.948,1051344.669,1088058.258,1070248.965,1086133.853,1093866.207,1080809.621,1131542.838,1118779.74,1130731.7,1115851.157,1033671.843,1126978.998,1101862.769,1127802.366,1121515.771,1148233.932,1172641.456,1164266.668,1194717.511,1166822.047,1177378.093,1180334,1098723,1164173,1153880,1202909,1196630,1220940,1236312,1219828,1259728,1238990,1260074,1195285,1153500,1209720,1185964,1204944,1247513,1269710,1277788,1297083,1344879,1268284,1276296,1263146,1105373,1180971,1189792,1178005,1242804,1268925,1257272,1251738,1277654,1274365,1277209,1263569,1187333,1307307,1278783,1314680,1324439,1344336,1347651,1352077,1368534,1337064,1368136,1343143,1233164,1387148,1347494,1378682,1404316,1423875,1429423,1407584,1456452,1390478,1450878,1426237,1351493,1443203,1375924,1418104,1359436,1381259,1397591,1376062,1399131,1351954,1367694,1367401,1280164,1364354,1393688,1374287,1359820,1426771,1434830,1415310,1503072,1472341,1579971,1490023,1424374,1523509,1486853,1550456,1518602,1561853,1562324,1568909,1555321,1547405,1616524,1559811.876,1479743,1556078,1491414,1579224,1533671,1648153,1650360,1663930,1711081,1711846,1751783,1592424,1570769.6,1658525,1570401,1694585,1661579,1730933,1720521,1709671,1726800,1698436,1774099,1650619,1507222,1651561,1621941,1735778,1695798,1724334,1754274,1719317,1767703,1713492,1751419,1684268.375,1559131.882,1680241.452,1503476.012,1461332.137,1425764.465,1465487.326,1416141.225,1449862.685,1471548.645,1458850.715,1454000.636,1399064.967,1286210.653,1400696.548,1344664.425,1441994.995,1515600.194,1555907.672,1595261.407,1604474.083,1672557.248,1672723.208,1728872.871,1662168.507,1584586.342,1547775.534,1505146.171,1517861.752,1535644.423,1637340.946,1731849.703,1717543.088,1770336.084,1695856.743,1668212.369,1707784.563,1618425.648,1723529.005,1730329.311,1797736.605,1764999.562,1774992.521,1792355.594,1768771.204,1796328.011,1804435.389,1856533.405,1768362.146,1572273.514,1694376.651,1658407.765,1756896.346,1807861.019,1893430.94,1949565.478,1902992.261,1913459.227,1891334.403,1928526.85,1881712.151,1735760.098,1931139.976,1850068.211,1939343.998,1941066.641,1962737.993,2005327.775,2040867.768,2079602.743,1991410.742,2014085.771,1951718.361,1828996.36,1920254.726,1891449.507,2022279.927,2040056.861,2107875.967,2146683.717,2128191.414,2133683.736,2143430.452,2178305.811,2102554.919,1892939.342,1997898.415,2072616.817,2103211.909,2097346.619,2156730.505,,,,,
Amapa,43084,28944,42451,40234,38522,41854,40924,41429,44138,46695,46641,46518,46518,46420,46502,46488,44046.268,44513,44573,43866,51104.507,50480.526,48561.805,50835.424,46759.862,46371.397,45138,48462,45702,49104,50442,52283,55491,54285,53135,53698,52994,48024,48586,48388,49688,53428,52467,50958,57185,55565,54117,54522,54293,48433,49889,51074,49667,56602,53274,57191,58858,61394,65184,61584,58480,54803,52594,54460,54758,56801,55830,58339,63772,65378,66606,66436,62585,60778,59719,61512,63549,66742,62956,65416,71953,70016,69927,70721,65575,65592,62182,63001,65599,68373,66361,68663,74237,77013,74557,73919,74058,68698,62402,68677,69307,74808,73296,74178,77985,79315,80396,78816,79073,71625,71706,74396,74187,81035,75890,79451,86031,88357,92480,86665,86182,74887,73891,81156,79404,82739,82810,86569,93091,91575,93246,89071,87367,83348,78495,81307,79939,82641,84851,88942,93512,91057,100738,98183,89831,86789,88960,87303,89705,90332,92213,94404,99946,98303,102870,93740,85158,77343,78699,79393,90378,89052,86381,99456,94963,101774,98001,92497,88957.586,79556.191,82247.926,81706.747,84407.184,83401.849,86686.813,91249.02,94993.511,102241.22,92954.946,85275.104,80626,81200,79087,81899,87243,86965.71,91928,94156,100883,98678,98549,92991.024,89893.939,84731.89,85880.019,81658.667,82043.639,84217.061,84584.789,85797.439,82885.99,88241.945,83376.008,85506.561,90981.81,98958.467,92710.136,97988.239,91576.358,96475.842,94738.142,104959.122,105012.772,104087.781,105587.201,92729.826,83850.692,73298.755,80397.808,82788.296,89731.314,93336.559,88787.237,97439.021,100604.799,110375.185,85312.474,99192.926,86295.028,78650.101,87422.472,90204.453,101781.177,99767.299,102849.895,107499.754,109182.93,112289.108,126924.816,117726.317,109608.29,107713.974,107036.853,112317.918,113105.849,115322.644,116886.065,125070.531,130816.788,132938.341,131422.574,122835.875,111623.609,106793.064,103573.719,111594.615,111931.327,113257.348,113507.65,,,,,
Tocantins,65876.607,63306.912,67551.247,71774.323,74458.77,77738.63,74534.74,78675.792,82175.325,77895.436,74206.604,74505.141,71638.027,70809.882,72748.477,74899.963,77317.691,78035.557,79336.213,82857.44,86384.481,82355.113,79685.792,75875.861,73549.517,74900.303,75111.252,75152.494,78843.866,79746.762,79676.334,87157.763,88913.868,86475.309,83553.434,81224.181,81448,79450,80173,85493,87524,90536,88079,93308,94796,94121,93012,87618,89685,87579,84432,88434,92559,96232,95058,100054,105645,107333,99161,90085,93416,90833,91214,98568,95754,101491,107272,111315,111294,108392,104261,105648,103496,107820,113069,114307,123196,125685,119203,123678,127763,129613,119089,119245,117082,106778,115452,119762,126415,127972,131254,134517,142149,135843,120547,125094,121086,113858,122731,130819,141099,134535,139895,142641,143505,147897,139801,134478,136012,128970,136018,143444,148626,153065,159248,161376,166126,173397,158925,151695,140999,135372,145431,149856,162624,166808,172013,172426,174634,187573,170705,169456,155304,147612,160019,166325,165223,177364,173944,183047,196310,195052,176935,177620,151612,163748,191801,179580,196896,193368,179014,186587,195715,184697,184461,170591,165134,154680,178456,174709,194091,200692,179521,194548,204123,215980,192720,177562,172661.356,170131.807,185249.099,184183.412,199930.839,200772.698,192072.176,208382.189,208498.669,208895.168,195911.768,181692.324,188445.2,184040.452,188820.161,194781.157,207409.199,206279.556,207655.231,204606.849,225410.842,215075.671,196255.227,199305.823,186041.603,190660.62,192092.778,191242.732,199240.049,202434.605,208110.986,204579.533,223879.333,232692.977,206750.139,215475.789,192072.926,194402.755,183872.773,212713.29,212446.726,220840.667,217246.291,220621.03,229839.401,225903.328,210314.449,204081.923,187384.832,185623.529,207787.432,212078.142,224355.495,225103.157,228799.444,237628.747,249277.899,256714.498,226175.572,215281.993,198836.99,198301.142,223356.817,223609.043,235834.677,237457.71,238876.16,251820.103,260172.518,275816.645,264320.49,253079.604,233157.465,225225.258,253264.668,260434.862,274984.958,264620.71,260121.226,262447.457,283442.85,305543.745,269165.744,255770.818,233691.923,233468.373,251261.093,269142.48,278468.893,282189.932,276582.039,,,,,
Maranhao,737033.285,694591.783,743086.198,728379.037,751060.141,730461.971,741749.928,757367.143,745555.442,786961.351,745748.447,757937.683,756950.369,698107.211,755229.749,723070.824,761257.915,762776.994,769694.337,786400.783,769461.82,792654.841,785051.294,859749.742,815423.533,756882.836,815146.92,823687.195,817066.282,827199.663,851831.512,883056.024,870436.952,899816.337,871288.457,897669.236,890493,809315,868514,871738,904446,874990,901373,929030,891209,931758,915287,928795,915225.235,843993.653,897788.812,865475.284,900150.365,893574.811,935394.043,947652.636,936394.691,961541.377,937932.533,930688.45,928063,807085,861919,842430,898813,861533,902258,936600,933962,950525,934771,935828,962612,882111,952818,942829,961211,945977,970718,1006961,985990,1015413,991190,995385,993051,896022,968626,983501,1018032,1014024,1032885,1058636,1034658,1041248,1007894,1004179,987765.01,936084,979449,973116,1021198,984029,946571,986719,983860,989928,952681,958397,945840,888996,952727,924225,937432,917378,952387,971313,902593,895225,859897,851184,846344,775298,813589,738595,663962,655029,664671,722650,701362,719125,709751,689738,681792,647871,686420,581368,519306,532190,527012,560779,572763,581229,570925,576143,528069,530313,551328,557051,564976,563658,560858,568189,615120,585538,609230,589256,533998,509151,537996,536822,543473,558638,557027,599099,624533,642634,634157,627180,565403.955,519875.308,559924.1,560141.048,570332.836,586892.339,596580.081,621139.411,619887.689,647507.287,644882.034,606664.686,581643.872,571802.381,580822.061,572046.874,611376.544,621587.445,629703.003,645994.231,660274.257,665020.147,677006.47,693977.537,602214.113,580290.552,591806.865,594251.175,606835.059,638881.451,650860.885,660576.532,677302.339,726073.265,699673.539,688992.999,641048.519,612298.98,614322.344,623698.098,634273.86,660356.257,695640.923,710540.337,737062.766,747444.839,732898.132,737343.065,659935.12,614653.101,665327.113,646793.424,721612.086,730644.288,783457.22,881229.595,920582.49,967972.678,988530.257,1031597.019,987379.261,965941.896,1063504.138,1055290.096,1127294.174,1090847.688,1124683.098,1151226.581,1146620.906,1213725.37,1212542.957,1239091.498,1207981.585,1138460.184,1136387.634,1133661.448,1215818.868,1239586.181,1239677.118,1274786.334,1308716.449,1355064.735,1389585.709,1352833.21,1296920.363,1218536.754,1276307.166,1312810.999,1384772.271,1347473.033,1378997.773,,,,,
Piaui,131052,110758,112344,123168,121261,122482,120148.2,123974,135732,135439,138289,132442,136669,125819,120198,122269,127469,130358,132847,131931,143183,148761,149440,144734,135330,130490,125245,128022,127217,133976,141395,138587,148516,147079,151388,147496,144519,140396,124398,134804,138460,142851,141882,144876,154837,155195,167850,160982,156434,146903,140331,135496,142946,148286,143535,153489,163787,170216,177810,163782,159326,149497,141394,143291,144386,148040,150395,156588,166269,178993,186789,178260,179415,171398,171640,181308,179661,179865,178742,184787,197323,200216,204095,197214,198865,182037,179375,185311,183813,193028,197160,200165,216653,222821,217772,215555,216823,204380,200064,212641,215948,227715,228293,243378,247350,253519,250634,233567,227624,219731,218076,231107,225025,236336,242414,247467,259567,268128,256918,259286,250521,236733,238448,232059,244483,252584,260319,267045,281999,294112,255434,272628,273383,250743,253029,251851,261748,267085,271404,277065,289127,293789,302313,301549,265941,241265,266071,259448,280490,283536,272627,292150,302995,296038,318946,301204,279492,254282,265997,257715,288441,289846,276474,295424,316318,322286,329139,305164,287938.29,261118.52,272640.68,270380.79,277263.69,292479.35,273591.88,315255.69,326382.53,338349.49,335001.72,311587,272529.272,277260.504,281084.954,276726.165,292790.446,296248.193,298313.273,303774.123,322073.322,338106.307,348541.537,335365.023,306315.1,283533.86,283979.38,272757.1,278661.04,284694.28,296327.12,300642.86,325854.32,357002.57,352938.58,356743.66,325941.514,292132.502,300388.458,307187.163,320128.795,332988.14,333393.801,340995.008,361856.094,355231.066,342779.813,348499.65,309775.147,291532.426,311620.18,304836.265,324168.387,326689.959,333804.426,336660.237,374650.064,375276.679,350640.037,356243.734,319594.605,301811.201,329596.705,326845.464,347068.321,352751.845,356327.774,377723.74,418672.382,420710.092,416278.624,399090.986,377330.565,354119.452,357878.361,363188.96,386308.128,393224.052,376578.569,387287.116,416967.131,430611.794,444419.776,426785.182,394181,363352,365623,383885,410201,411563,415647,,,,,
Ceara,518714,469181.229,508966.156,523200.083,501515,511009,495416,531184.836,564012.832,553697.617,575825.437,575617.513,563303.967,544337.107,559221.218,550633.351,559737.606,546498.623,549962.195,582135.948,578428.806,595935.859,598470.414,595021.336,595420.958,567170.677,561689.224,555420.37,558304.357,561211.865,551525.953,580901.971,594826.754,621035.825,624502.867,606952.027,605060,590036,555759,595118,585007,593903,590897,617797,613243,647142,653447,651412,622812,621114,610662,581639,601608,602625,629975,643095,654815,692772,680123,681614,685028,619992,618623,615309,615709,614239,635046,678471,681184,718245,722155,713681,713169,683893,733041,727540,720365,741230,744855,730223,769216,771275,776945,764275,743669,697951,707190,710914,711282,726565,752115,764517,810926,810091,798618,793797,822700,799545,782977,813199,811430,832457,824129,853153,856246,881404,877578,869794,889393,888336,854292,879856,895137,888268,836396,891915,936809,965843,976758,905633,925025,943695,928567,889692,951714,886364,940659,951073,971410,1006509,1002098,962757,968856,968919,908284,910058,951207,948648,914343,952555,943752,961704,992582,973364,962002,914225,966560,984377,1009361,1060859,1045507,1018653,1012460,998021,1004640,1002477,943562,904072.395,911104,916064,953197,965510.899,943600,963895,988503,1000058,1020812,978163,935126.18,892617.97,897299.787,931559.268,949610.026,981500.709,937101.202,945376.392,956972.261,949235.767,988434.586,970120.189,991072.128,1046845.638,980258.194,962729.362,1010850.693,984917.511,1009275.631,986338.985,1034167.415,1053517.333,1137739.588,1160739.445,1083880.836,979825.691,973861.192,869822.605,897218.72,935824.273,969613.726,1017914.578,1052712.747,1142008.413,1091471.337,1112178.015,1097673.545,1049140.357,1024444.968,1045751.77,1039072.46,1088225.292,1047335.818,1104300.756,1124507.851,1144290.734,1147996.233,1192039.83,1093173.541,1029968.441,1066554.309,1061812.165,1033091.005,1050138.235,1029371.793,1078466.042,1113885.354,1136817.171,1157478.572,1133253.547,1098418.492,1075682.103,1042862.661,1094869.362,1085921.602,1159928.592,1070238.713,1131225.167,1193061.264,1172211.394,1242843.731,1177574.969,1175404.205,1196713.734,1102033.643,1142601.09,1190295.865,1169057.589,1141769.214,1190545.221,1190325.805,1188821.571,1260162.825,1202224.357,1223595.429,1174723.066,1133106.156,1146445.204,1230944.28,1201127.206,1157844.202,,,,,
Rio Grande do Norte,268614.118,233950.875,257966.102,264504.727,258761.564,263985.242,249242.893,262303.058,265269.313,276664.463,293826.355,300457.754,286725.751,281224.355,284825.694,289515.504,294997.663,275820.22,292472.334,292479.181,295852.351,302204.793,311057.031,328161.216,292111.169,298099.117,317714.588,296291.33,296685.573,304075.588,299123.405,315092.262,313561.656,334813.779,335094.525,330992.99,328903,322914,324153,328843,320781,319902,316110,323798,329406,338813,348304,352101,344022,346277,344927,325614,323292,314179,317615,317902,336388,350269,355174,366086,350083,327442,339349,334110,319921,316696,316432,336579,349858,365008,375054,396747,365312,343086,386626,382585,373048,383436,369121,359858,372353,389256,396046,402604,371810,373878,382208,377555,361614,367707,360942,368216,380644,400217,412770,420419,403529,383212,405331,393003,414540,397312,388388,400210,407125,412881,427926,436602,432387,417708,432488,442376,435433,422653,408287,435163,427795,451630,452917,457309,457425,444420,465407,450059,462255,424962,441893,447757,450226,468354,477528,475334,476314,459276,465932,454406,470344,460108,436790,440534,447152,461981,466736,477028,461199,439684,461166,463977,461676,455703,455191,462449,471179,478086,486808,491418,473720,460764,475026,466269,480071,469402,439747,447785,462042,476251,475865,498469,496448,461626,482261,461048,446750,453723,438544,465124,478975,501759,516316,499833,504901,484333,481420,451083,474869,468974,462536,467479,470227,503111,507230,512444,511867,476077,490671,448785,440327,424875,442741,458019,485122,502056,482090,475494,535677,507088,510391,502849,465583,484080,486327,489419,498197,506332,519893,532188,526707,474452,512403,489803,484346,448061,452715,460635,483576,491666,509178,515422,515563,489377,506437,475277,493055,479417,473602,486814,493547,505480,516865,518053,532208,514396,514805,516568,507431,495406,480375,487184,507442,500768,521928,532543,533550,500048,501678,495492,525864,501473,483045,,,,,
Paraiba,236448.974,226289.392,242215.126,235364.13,234298.802,236512.263,235539.246,233748.45,245145.596,253093.514,253953.469,258616.437,261435.673,246418.338,260803.84,262054.225,256928.175,245076.934,247285.539,254729.322,258094.171,266631.876,273755.998,267609.302,269455.435,265295.608,270569.924,272794.636,273337.547,270753.843,257342.414,270998.489,269280.67,281007.975,292429.256,285813.661,281295,270344,284553,283947,287147,273878,272817,277560,273632,297417,305978,303794,307173,299397,297464,296192,299701,293089,292872,298491,300087,312840,315201,309038,309739,288272,305587,305565,302783,295444,303923,311900,305026,327555,327031,331668,330804,320908,359119,354954,349533,343712,340840,335658,340524,355771,370926,378304,346337,337034,374291,356034,354137,335990,337515,342297,346426,367518,377157,381925,379984,355758,392404,385558,385107,370656,371232,384265,371687,388234,385780,399357,421347,411644,420365,425105,407030,390927,401000,398371,396309,409000,410373,418829,444699,435755,437397,426212,443345,407146.883,414269,402128,415717,423306,432384,421002,442275,444521,449463,441425,430672,415013,405013,421405,435654,432781,439685,421635,430324,418811,441530,436467,427548,424316,429311,415382,439668,436770,443648,442610,451040,416309,462956,437615,435732,435713,410456,422984,420269,442214,456772,454409,473698.171,442042.852,458712.21,443056.413,438020.313,426783.82,431977.588,443853.649,432359.84,466866.037,480609.671,466491.31,489002.152,457357.648,466568.223,470542.585,480249.831,444183.536,445114.919,433351.496,443848.419,474596.383,483570.295,498275.284,496090.866,495737.642,487189.575,441137.407,441060.808,389368.316,429710.976,441804.077,459409.979,493956.638,512327.186,510081.987,507812.386,492508.891,504484.398,491720.013,471318.341,456773.698,471037.233,473641.373,477189.224,500605.357,503351.759,530933.336,495134.839,463191.169,512456.818,485090.183,487167.666,446240.671,452940.54,455182.777,469368.474,480109.891,497050.255,507007.185,505875.265,496568.276,501072.109,501358.132,523851.711,466286.766,450153.705,473222.23,494604.675,512081.613,535821.354,527996.081,546610.413,534228.968,543258.141,564788.738,553484.873,519179.324,510096.57,511261.947,506194.318,550471.432,545977.426,579827.14,582603.794,550485.461,561491.299,558566.143,584841.787,534349.266,532315.581,,,,,
Pernambuco,643102.413,612330.757,658773.99,674646.346,649438.435,642487.324,619249.704,634549.336,681675.983,687210.505,705356.91,730310.627,728644.484,687891.595,752498.066,724658.119,708030.111,667440.018,646352.309,683005.949,696510.612,724671.808,735154.05,743785.027,736715.272,695496.362,769090.502,736370.777,730604.236,697088.25,697130.653,690132.998,701300.116,755412.246,759765.649,786701.222,783429,753749,785722,780940,789314,759461,745167,744858,733323,794652,806500,852714,808510,797931,826423,792763,814884,777357,775514,769220,782212,838744,856867,889627,784284,772196,813957,843022,835953,806492,809556,834820,837536,877025,896987,976778,861949,866720,958801,915392,930543,882344,868402,877257,863283,932621,948170,1030851,951431,886057,978359,968206,918866,898913,885607,933194,923045,965989,967911,1013195,999461,951255,1026355,976358,1018635,968785,937645,960852,952219,984850,1024148,1030943,1075306.1,1039717.4,1085835.8,1133978.4,1092882.5,1024909.9,1033544.7,1049260.7,1061302.1,1118198.1,1127331.4,1130353.7,1147433.7,1078900.1,1149168.2,1130215.6,1139099.7,1101169.3,1086376.2,1099826.7,1103348.8,1160594.59,1169697.29,1196022.53,1196393.596,1188048.013,1197886.863,1192467.218,1236424.386,1157959.469,1086731.959,1083834.804,1110648.898,1164032.478,1153206.606,1210838.627,1149261.202,1117816.91,1210737.899,1207658.219,1201182.095,1144539.025,1113899.254,1123353.096,1122231.833,1182732.619,1201229.802,1238405.516,1182827.019,1172822.067,1254542.978,1200978.819,1198951.746,1145464.461,1105782.206,1102544.608,1122150.721,1172943.143,1200939.281,1240092.474,1167829.48,1159521.5,1190835.25,1171049.07,1159272.15,1130063.85,1091636.63,1120616.71,1121092.38,1233056.32,1260062.43,1269813.48,1195509.41,1179616.2,1267705.57,1216641.17,1273354.45,1156139.92,1164004.65,1129232.26,1114402.44,1260933.39,1265412.35,1334160.06,1223831.401,1198410.96,1273389.947,1155340.385,1146723.492,1066854.213,1133297.397,1134346.543,1160147.093,1243890.027,1213289.582,1203361,1317539,1240774.149,1310438.592,1296626.145,1223606.23,1202780.122,1185446.129,1214305.018,1215559.531,1317791.705,1316856.526,1370287.454,1302832.853,1282724.041,1336981.976,1283648.661,1293889.39,1203390.647,1169384.916,1188471.348,1210059.025,1239699.462,1259054.491,1254999.205,1272936.883,1253957.989,1332269.569,1266303.709,1310176.82,1222881.47,1189652.99,1209125.533,1255276.107,1280823.367,1338451.09,1348210.779,1322746.716,1312687.501,1366703.561,1371987.716,1357944.739,1305674.346,1230629.262,1265292.23,1275192.347,1270152.789,1351540.475,1391177.826,1288423.653,1282369.303,1300594.816,1307131.626,1341068.853,1238891.798,1225399.364,,,,,
Alagoas,285489,266555,259855,289626,284219,284384,282241,281415,279917,290729,289596,296464,309966.341,299491.174,305007.002,309318.624,302801,289531.803,290315.086,308549.371,307224.065,275948,327416,314279,306138.522,304670.446,326531.427,325870.573,258974.27,275229.149,271425.041,295097.746,291495.495,311416.98,318255.992,317105.155,331620,321780,307461,311332,281633,313838,303033,309509,287191,312799,337471,329131,350434,330540,339146,328117,322019,304535,312631,315364,317375,305693,339425,342853,328802,329233,317468,324488,310678,297073,290755,303074,318049,308165,326496,327809,338838,335503,344091,355768,343299,343200,322066,327794,323338,336261,344464,290745,330437,271114,312698,361828,272261,289297,332757,329927,343981,339036,350298,348817,370485,369687,402441,382239,355381,353065,360269,371283,349340,337458,389893,405480,411002,400264,415806,421754,393182,394406,381462,379761,361840,395560,387546,443986,445792,401345,422230,417985,408470,391283,399265,396213,401275,394429,422006,449320,433782,384767,423939,427810,401446,401050,389205,383573,395306,421944,413527,434131,417484,392439,426875,380810,414658,379631,394384,402411,403866,412677,420779,434492,427887,393159,454024,413951,401121,400813,392453,414223,388209,419759,424648,429615,363862.312,304520.465,322656.165,411156.516,410880.445,389411.167,415725.311,391495.848,390713.497,443636.638,438532.642,426137.251,435556.999,377864.002,382951,371636.804,343603.003,280361.299,285085.002,292195,303691.999,333298,352297,369785.999,362457.871,345151.169,341002.739,304044.136,297142.606,298214.8,298007.36,290565.72,306276.584,332391.953,377389.415,377681.795,368713.592,369229.784,421049.991,383050.032,393905.771,344729.721,342253.323,370052.877,392569.566,391255.511,389946.042,450239.63,429185.264,434749.52,461674.279,419526.758,360711.621,357398.174,426474.754,427756.525,394730.802,411108.062,409214.333,427641.752,469346.617,430041.121,475804.099,474164.162,459426.974,444615.97,399693.496,398214.325,441572.715,453900.14,487945.716,499626.899,510976.252,484099.301,539348.756,474724.403,460361.183,427272.241,437674.653,460318.251,458290.762,451738.399,490343.425,541356.09,496516.394,477121.07,502145.662,481264.917,498810.481,429417.133,411264.086,,,,,
Sergipe,192207.009,182026.123,195611.08,204065.063,186831.217,193240.769,197780.377,193385.832,195500.379,200142.798,210695.093,214853.765,210817.902,200082.313,215087.181,215037.357,207359.342,210641.001,200148.475,199759.581,209592.582,222470.441,226572.414,225130.426,219440.4,215680.878,226488.554,223170.479,222264.517,217248.83,210868.101,221196.344,220819.497,221416.564,229038.366,235173.76,236684,226878,228456,237218,214106,218709,225131,231101,227699,240213,246824,248396,248582,238929,246965,248215,240444,229893,237046,236239,238227,252558,254362,258484,252691,256555,255365,265145,241379,242549,235273,248226,249475,273267,269742,276794,271155.354,259446,283947,269851,275464,267938,271993,263402,262638,282157,290852,296006,295108,263783,299582,293098,291017,270766,283904,286760,288039,297012,295341,309185,307050,295292,319658,309597,310543,286796,293251,295363,282742,303260,301051,317110,325139,320185,332197,330850,315944,309203,311934,309774,304131,318073,317644,329495,340330,345739,336085,327779,318018,303435,304970,312992,321521,328732,318516,323207,351789,339156,345076,342466,322296,305600,294969,294801,303139,315159,313364,318940,324420,318336,331494,318932,312118,303511,301680,302970,308145,309480,328619,323824,324932,311415,332415,320254,312519,293722,283428,281724,266855,297473,319739,323097,334457.692,315118.962,327619.553,321357.452,307917.717,289027.362,293250.336,301574.97,298990.254,314482.301,317122.136,320103.72,328854.468,310388.707,316647.865,313706.326,326216.854,296988.091,287907.234,287310.98,295807.409,307271.198,318836.665,330693.995,322040.943,326873.87,326673.543,283494.479,295797.015,274455.738,272708.092,282656.974,296041.083,314489.65,319713.512,327218.763,326570.203,314869.413,344441.285,335156.873,319752.922,302275.612,311283.869,309553.364,315015.777,324440.075,324245.739,346052.833,327519.17,329924.439,350565.119,330332.725,329398.629,294849.204,284618.789,300176.728,310985.465,327087.477,325927.438,339751.227,342141.954,327801.348,352982.685,330558.741,323272.054,305966.627,302203.806,314259.879,337300.583,345219.702,359943.381,353616.089,362058.038,345894.968,373204.702,362338.052,354544.216,328737.475,326774.446,334622.358,337183.131,352837.46,345636.103,376018.01,373579.392,367761.48,373161.679,373995.474,376105.792,334427.157,341860.288,,,,,
Bahia,1444451.469,1344183.836,1393925.431,1419046.083,1436199.514,1424739.2,1434806.786,1420586.978,1457221.821,1473942.593,1495173.971,1503809.655,1520662.484,1442667.008,1439330.896,1478858.49,1520019.816,1447071.07,1514700.956,1501307.375,1505433.321,1520260.46,1512473.585,1526993.625,1543146.392,1470255.119,1563545.557,1494710.962,1509377.673,1482737.824,1479518.003,1544336.737,1540715.839,1569502.23,1550968.202,1514805.52,1582825,1447740,1506431,1574007,1611848,1582049,1635476,1634423,1637484,1723005,1721054,1719455,1752197,1659685,1662199,1693110,1791863,1677496,1689346,1718424,1732150,1799295,1670664,1593667,1542315,1548413,1737341,1634487,1520184,1540346,1613806,1695018,1739886,1780992,1666847,1830503,1716692,1726367,1928878,1753813,1826508,1818018,1777545,1747253,1781629,1840274,1813748,1810381,1757892,1594763,1824507,1730107,1788288,1712753,1753737,1809286,1748654,1772267,1710019,1757126,1810031,1715223,1899074,1825842,1903593,1714476,1762030,1828341,1837674,1876163,1811417,1827496,1935486,1868881,1997132,2066218,1961571,1803275,1970520,1900552,1889354,2014150,1973543,1941005,2032130,1962083,2070030,2075100,2057781,1962626,2050954,2064288,2086052,2146426,2146305,2091206,2086183.676,2012148.598,2120682.072,2077299.821,2069074.36,1955895.086,1895443.29,1925103.309,1894249.987,2011883.059,2012012.34,2089120.577,2005205.001,1912580.002,2144824,2003056,2052298.63,1988550.847,1897585.846,1939835,1955652,1989559,2012128,2044138.909,2080947.866,1927898,2103181.251,2018858.278,2065445.918,2039101.952,1977196.666,1980862.494,1928948.585,2104313.837,2050618,2054081.072,2094036.857,2000892.385,2075772.416,2098355.7,2100432.789,2053311.118,2048945.077,2090198.961,2018557.844,2165217.875,2209672.089,2136708.596,2180317.819,2122425.506,2299390.853,2145126.478,2249368.637,2083293.733,2097965.124,2007274.362,1996430.604,2209881.603,2220143.543,2315582.979,2219580.053,2125501.759,2174986.149,1996214.609,1964442.649,1934263.646,2052526.439,1953326.62,2077032.203,2250669.493,1995955.405,2071142.248,2307961.995,2174669.858,2222090.397,2229399.706,2116260.585,2133412.828,2131956.08,2107448.231,2078646.295,2263469.962,2215322.773,2217221.029,2132622.697,2085483.075,2249515.982,2223013.263,2245695.952,2172444.735,2181349.035,2179929.596,2153837.313,2222570.824,2297059.821,2137373.012,2160398.21,2160697.403,2317437.069,2289126.128,2279320.679,2213400.375,2105119.145,2204116.762,2284989.315,2304531.356,2376845.242,2430838.137,2399041.74,2270269.5,2307521.331,2403355.686,2313720.82,2350531.751,2275073.333,2272105.267,2312206.069,2284010.992,2399353.041,2359069.079,2286184.958,2273780.703,2346158.765,2390043.805,2355170.833,2277932.084,2212972.813,,,,,
Minas Gerais,3732811.224,3582369.487,3605416.332,3668628.06,3692794.905,3769020.897,3739868.989,3803149.209,3895351.742,3885073.218,4019478.047,3914811.693,3824588.163,3749508.544,3686301.878,3952141.115,3770817.369,3717822.075,3711709.99,3919031.511,4037669.603,3843654.141,3891791.351,3887556.055,3708988.208,3696699.652,3621786.489,3808440.198,3740285.141,3848372.184,3777480.801,3858993.836,3944751.607,3829095.284,3958582.643,3773494.505,4040359,3981488,3917893,4158376,4175550,4134851,4049422,4171542,4253615,4221229,4334405,4191547,3910849,3648135,3973471,3852696,4100530,4163045,4161299,4273051,4261035,4261176,4321299,3732483,3550614,3387650,3462360,3694956,3641730,3646282,3651841,3956382,3986793,4000667,4105075,4007135,4076332,4038372,4113813,4273730,4206896,4298603,4267568,4407727,4477944,4438271,4386766,4326835,4431243,4304659,4338168,4448708,4398160,4490762,4473325,4589082,4671256,4553910,4517981,4393456,4290700,4344385,4483034,4537603,4374497,4444059,4369614,4521364,4591928,4606163,4634519,4209191,4490111,4194013,4231557,4453607,4492794,4525377,4389860,4670642,4681220,4579565,4720019,4470119,4557459,4749168,4315704,4517861,4508094,4492649,4457843,4525439,4452441,4579315,4689444,4327218,4490375.786,4590876.531,4307554.691,4463240.88,4307339.628,4318477.641,4234924.473,4403513.165,4433693.193,4504864.34,4533535.724,4228408.042,4301269,4340956,4303480,4667026,4538198,4641623,4402989,4549837,4715825,4618801,4619249,4402963,4444518.54,4528533.42,4444534.72,4645865.92,4420911,4550751.03,4352092,4487171.26,4585258.89,4461929.27,4759310.05,4459524.72,4716736.561,4551117.417,4688540.473,4771307.976,4637059.247,4611537.013,4661887.911,4800722.206,4727227.024,4907742.647,4787556.582,4610334.799,4834920.207,4627720.342,4691696.058,4613124.677,4676584.45,4562744.329,4599724.464,4649165.13,4648202.209,4687748.556,4793789.282,4501611.594,4708762.178,4585062.917,4667379.945,4332063.295,4348680.285,4265841.456,4541210.706,4832243.732,4701369.957,5240759.297,4857917.999,4694334.777,5109304.181,4734986.802,5061234.305,5087759.785,5026528.031,4994938.805,4985129.621,5107975.717,5120934.38,5202373.755,4998163.96,4950735.49,4942128.025,4680352.99,5339645.969,5258200.337,5268416.135,5103374.704,5190169.642,5167727.212,5172783.624,5336051.41,5050600.433,5078748.047,5095531.929,4927133.356,5619862.411,5326562.35,5443073.173,5270435.264,5280897.768,5438757.176,5297051.787,5751116.308,5693792.487,5634876.132,5545890.519,5260005.387,5665542.965,5638844.07,5652577.192,5604390.684,5694551.066,5727643.657,5691257.132,5958147.019,5463519.057,5644098.394,5576110.711,5339797.644,5946602.534,5634864.93,5665591.548,5580803.044,5636514.984,,,,,
Espirito Santo,607655.057,583260.096,599524.936,583307.113,586400.763,571593.391,585851.529,589390.099,598050.525,609691.599,604979.177,614381.112,631196.81,598997.16,638275.375,634949.174,629676.357,628663.927,622957.535,636703.573,645068.753,652504.343,641410.718,645852.446,657079.734,669631.963,700442.079,669347.072,661887.039,652583.069,642793.476,689823.527,672782.252,669620.427,669217.241,667104.754,695639,677737,721907,726746,715984,677187,671650,697445,677804,704127,751833,727315,727416,693553,712044,712944,749627,733014,732777,751894,750252,776778,693222,568682,552533,587741,643515,630070,568841,628850,706460,718540,706689,752251,717707,757054,792152,805964,798245,790249,768770,765113,755833,735415,782492,788196,772124,831500,836939,835409,860493,820935,805575,786254,797325,810375,802058,784101,791770,836329,790622,816871,911314,855676,842103,846190,833471,839709,800835,830865,855751,836625,917588,870642,890742,888607,883565,843569,830160,888651,813601,875198,899785,890301,912823,938153,936516,902306,893521,884650,876534,902608,883056,948349,929947,916695,1012049,965446,991973,945709,909766,875898,881198,892164,878520,936899,863046,862263,807264,893867,926756,900365,857446,754158,758488,746928,797596,806660,792870,794011,863229,844460,873491,848699,812069,792786,733724,767689,785964,819991,837325,805656,859595,842803,932746,840530,820372,790173,805174,857231,829081,856164,876846,889237,897114.28,929908.89,967885.88,884073.92,900083.26,840801.29,795168.96,836492.83,853045.24,841266.68,867730.08,849231.17,816331.887,842430.295,886188.612,772442.561,766204.708,755058.765,787970.898,812456.33,864449.347,852071.511,846478.391,911064.599,937186.742,863494.499,899993.31,865260.871,871202.463,884022.722,869763.19,853937.881,888786.878,935817.596,854372.867,862080.207,875956.757,889724.886,1017082.684,937750.393,948893.55,848030.205,825696.775,891059.123,888837.784,893103.389,892581.086,855219.901,896576.457,913731.98,1057957.133,994578.642,933549.322,910714.76,899790.684,923531.354,910834.797,1023329.711,1047502.977,1126499.273,1072327.834,998838.259,1121381.653,1095874.175,1102283.417,1015038.254,1079355.548,1041707.517,1104105.694,1075462.305,996572.984,1162238.667,1122720.432,1151443.441,1179957.25,1072921.631,1068014.808,982675.485,1001267.278,,,,,
Rio de Janeiro,2612752.89,2630033.847,2582060.741,2626340.375,2530945.09,2366320.314,2466118.998,2407957.749,2494812.32,2567499.52,2572550.241,2677810.929,2757858.015,2588172.102,2658663.979,2854588.487,2668163.212,2640653.237,2544681.682,2593486.421,2780127.888,2637308.443,2714012.285,2789956.204,2688250.409,2868408.524,2825194.72,2768670.194,2689257.106,2472081.257,2605372.023,2648540.555,2561062.848,2675694.14,2751918.792,2839134.514,2842070,2747046,3138732,3048772,2783099,2548962,2518461,2604039,2706574,2697345,2811192,2804883,3031344,2835148,2930457,2908052,2860706,2623702,2683517,2754181,2723433,2818813,2870700,2682604,2806552,2843791,3033619,2802093,2662822,2513134,2609791,2524642,2680420.1,2783854,2927367.4,3122783.2,3151953,3139591,3168627,3048699,2934284,2800016,2749060,2800297,2877657,2989601,2899863,3241549,3426819,3374945,3332754,3178616,3093268,2800369,2798556,2927856,2970902,2995310,3031056,3077474,3173443,3264757,3471911,3252302,3132865,2956888,2974900,3061913,3031541,3129584,3313146,3286284,3562551,3343786,3507903,3326802,3210906,3134274,3101801,3109526,3120243,3301665,3346144,3403576,3713671,3828145.3,3745959,3481136,3283653,3180966,3097220,2962505,3146616,3398400,3456686,3482597,3959162.46,3806013.34,3819182.72,3535738.14,3326824.48,3171546,3101487,3204603,3093498.82,3330141,3398824.38,3381918.9,3727729.68,3524041.04,3600511.62,3642531.2,3327946.16,3024187.86,2930817.38,3091408.76,3153057,3235420.9,3262119.46,3369976.88,3708164.72,3587150.72,3797915.24,3285943.4,3134241.02,2966468,2870511.46,2927038.07,2866071,3185710.04,3215200,3337756.38,3614646.254,3368689.094,3739432.834,3625511.568,3321233.629,3067867.425,3056282.53,3069855.347,2972127.61,3285041.153,3192127.512,3384892.932,3825229.103,3558671.489,3695566.181,3352134.881,3421093.442,3059838.28,2964506.212,2980730.211,3010625.856,3208159.604,3388997.444,3227017.783,3563646.268,3467968.955,3457625.514,2910749.204,2811955.123,2739827.395,2845924.931,2960415.586,3112446.753,3393962.613,3254219.37,3599914.976,3511320.55,3452740.137,3583540.277,3405541.82,3106661.262,2974093.323,2844570.055,2916071.945,3106544.249,3077992.175,3061525.595,3215596.419,3300621.568,3409115.573,3637625.702,3479222.146,3133352.197,2876557.572,2862363.379,2908338.731,2861443.817,2937036.793,3061359.843,3121692.093,2881258.012,3323581.474,3563778.39,3314886.531,3028977.549,2931453.216,2847896.169,2973071.983,3032291.66,3109691.294,3204062.415,3290295.008,3471033.156,3434558.978,3573075.295,3447798.435,3439945.508,3174054.153,3044350.258,3032068.933,3092391.839,3273920.665,3170106.287,3134605.568,3436496.761,3621625.092,3703449.989,3311244.872,3100288.959,2926260.237,2831821.756,,,,,
Sao Paulo,7976308.907,7919049.669,8116801.471,8623046.473,8096487.944,8191582.279,8302446.418,8389078.01,8655517.407,8731359.482,8603993.562,8543643.867,8304845.194,8269513.766,8492744.564,8854253.782,8513306.434,8646727.699,8629769.25,8689295.12,8929122.377,8941381.733,8842228.424,8793529.397,8641301.647,8944077.35,9181858.061,9199514.671,8836937.141,8988295.419,8914260.216,9154711.63,9284516.196,9229083.784,9363961.643,9409914.141,9121802,9209088,9510010,9827478,9615895,9529489,9351049,9497706,9947517,9865949,10085835,9897567,9488024,9911891,9677959,9811222,9866399,9660684,9874403,10204766,10134297,10375220,10278890,9676080,9214649,9371351,9792071,9900411,9626758,9541853,9687787,9958879,10143086,10321748,10308778,10314990,9663701.3,10129496,10441231,10712444,10330242,10348972,10164016,10713193,10842141,10602030,10650754,10906375,10552693,10703256,10859434,10920772,10611977,10660149,10662422,10921830,11309407,11051807,11037897,10990541,10660653,10901452,11377046,11650105,10895073,11095936,10584206,10970145,11480038,11271363,11682165,11174076,11119636,11367043,11277016,11428432,11324556,11149435,11009688,11169268,11412271,11569135,11800025,11617828,11520387,12137492,11719364,11550632,11382926,10734862,10698491,11047754,11046894,11378892,11892033,11372078,11481676,11507491,11031343,11270450,10752521.52,10386669,10315312,10584714,10513696,11042641.6,11041426,10886792,10477738,10736196,10780606,11310303,10579537,10231620,10296693,10309737,10572897,10486686,10687240,10701418,10670245,10623763,11056750,11097089,10518038,10549509.24,10436004,10318003.76,11114087,10974953,11103566,11145069,10882702.16,10931881.534,11487908.288,11492422.249,10961977.177,10708600.045,10747050.223,10648076.276,11073770.576,11056291.794,11296171.678,11138135.229,11534716.981,11594893.366,11407727.496,11108068.194,11328758.13,10650662.693,10452521.995,10569881.701,10947750.487,11611730.061,11734630.259,11148467.574,11068761.601,11133137.875,11209896.399,10049424.769,9451274.904,9555173.522,10206009.289,10719591.46,11106811.21,11737612.805,11418747.303,11602166.233,11939883.067,11486391.821,12444223.249,11704462.807,10958863.831,10898785.909,10828769.162,10922857.82,11552699.3,11581096.372,11322958.187,11694461.406,11408096.504,11347218.769,12023829.029,12094586.089,11438185.155,11096611.832,11070389.834,11409228.264,11519777.932,11330102.971,11576813.562,11707745.509,11286108.073,11540029.553,11841790.835,12070175.188,11178453.02,11368110.894,11107360.336,11409600.115,11950008.707,12251196.922,12543915.548,12789351.211,12389253.683,12426745.232,12768301.258,12558989.524,12776183.675,12184664.9,11616457.666,12015116.607,12287612.588,12776923.902,12587244.634,12542877.713,12423193.311,12763744.125,12923382.243,12335973.997,12225580.167,11753258.268,11847752.594,,,,,
Parana,1596274.242,1635575.969,1656643.817,1691910.157,1656608.708,1621651.948,1621327.391,1658482.068,1696237.327,1669722.767,1684955.558,1683515.168,1636130.749,1673422.672,1723700.006,1791900.915,1712425.71,1693135.169,1666263.487,1696737.657,1702888.948,1702748.086,1735832.676,1734920.89,1750081.314,1774675.73,1765044.256,1799544.031,1733138.751,1749989.314,1739522.165,1805137.957,1750717.437,1771832.312,1837187.332,1796792.451,1773870,1824654,1847893,1901519,1836409,1817184,1801200,1866616,1881115,1933111,1928311,1919298,1909381,1941214,2012508,2013054,1903886,1954415,1939921,1983061,1998583,1991120,2010478,1953644,1875844,1924896,2049129,2062760,1877317,1957259,1954059,1998447,2007916,2022153,2068548,2105564,2058913,2147314,2141351,2160529,2065597,2075374,2073941,2118638,2153171,2095805,2108976,2155750,2140007,2233949,2213496,2211843,2276314,2165004,2186187,2220802,2272776,2244449,2184000,2205573,2230287.203,2331386.484,2374938.309,2361518.31,2219404.89,2229694.287,2219518.297,2304229.817,2355371.931,2312552.622,2421205.547,2430170.416,2308359,2420953,2407779,2383390,2373965,2387988,2358950,2461365,2462263,2437738,2502600,2523749,2458363,2735042,2523758,2564776,2411518,2451886,2391559,2500353,2520244,2529279,2683095,2617083,2554074,2680958,2526254,2569563,2422206,2394799,2384649,2437625,2436549.35,2482648.64,2495991.64,2475701.02,2413368.92,2591840.82,2545457.59,2648076.88,2487965.48,2395877.1,2393107,2384019.8,2384015.4,2371816.59,2489038.428,2493792.793,2517644.2,2621158.57,2705931.56,2685501.42,2449021.05,2484284.8,2443806.87,2525365,2577527,2567293,2553567,2594442,2597856.945,2641400.336,2773964.593,2800067.564,2589020.216,2529678.138,2599063.82,2648764.438,2580183.824,2659613.452,2667004.783,2733163.36,2823330.084,2846534.857,2776859.607,2763992.612,2711983.634,2649566.278,2685273.92,2661877.485,2642202.316,2814967.03,2829198.404,2718845.171,2784090.733,2876364.352,2870449.587,2588179.731,2538500.05,2494406.302,2587338.903,2652280.532,2742617.102,2906000.347,2880128.734,2946794.243,2954564.64,2844204.387,3026015.211,2963862.65,2814562.698,2734025.821,2761628.365,2844409.017,2817033.957,2894959.463,2882110.141,2981306.177,3068447.322,3121502.992,3238680.892,2966878.464,2914603.44,2860857.764,2866342.173,2913427.353,2861149.122,2852702.505,2865571.538,2937482.477,3051127.678,3031414.447,3160725.019,3138879.246,2987537.933,2879631.224,2929545.921,3016596.167,3023561.638,3165055.443,3160006.875,3207775.958,3362747.206,3320479.356,3460938.604,3402605.452,3332554.309,3165774,3170534.282,3213933.527,3203619.644,3346728.444,3379204.644,3294464.182,3393396.645,3537244.184,3695064.59,3384173.419,3246306.646,3160836.378,3232354.087,,,,,
Santa Catarina,1132926.265,1230305.388,1300745.883,1215161.069,1223449.896,1160112.942,1195777.697,1212734.185,1190300.761,1192551.251,1222754.732,1221422.858,1214278.751,1294827.818,1321788.718,1325591.954,1263147.545,1253765.348,1254671.221,1256271.519,1220737.639,1244189.358,1246288.054,1275985.007,1238641.645,1360618.669,1419444.306,1334744.733,1242691.541,1290829.838,1290985.962,1302916.396,1303078.327,1286742.874,1346842.347,1306778.513,1362163,1437507,1469772,1447152,1404096,1380165,1366450,1393202,1393442,1393953,1434154,1397757,1389360,1528402,1534687,1491938,1470604,1414275,1455747,1502269,1455077,1480680,1475054,1383996,1359582,1449885,1515326,1481664,1414260,1363586,1384008,1391198,1384063,1432272,1508486,1495813,1516949,1530630,1686436,1579814,1537491,1482943,1491915,1505932,1511405.504,1468780.462,1523167.687,1514460.689,1677012,1760373,1775367,1687268,1651681,1649741,1653418,1679848,1668117,1693720,1675144,1714150,1701910,1887111,2003586,1815185,1809555,1717361,1740870,1782659,1740005,1760339,1803694,1826643,1844293,1936567,1939715,1837255,1857522,1816725,1867777,1866410,1764130,1897175,1922278,1857726,2055710,2236666,2075903,1947688,1951855,1838916,1869696,1918648,1869948,1978089,2055521,1995312,2057739,2171981,2041595,2036834,1891662,1860777,1771310,1876764,1800934,1847035,1881123,1810973,1980442,2081694,2018153,2111424,1933793,1865378,1887575,1888309,1892943,1856306,1918403,1872287,2106360,2192944,2282849,2016226,1894207,1945023,1937357,1984645,1991061,1982726,2019396,1991491,2115002.519,2207483.036,2212759.548,2152420.598,2067675.336,1982193.28,2004847.601,2014241.056,1999158.866,2046060.347,2075635.686,2057988.788,2366933.023,2428999.251,2264792.365,2198896.059,2148278.793,2018530.144,2020747.278,2090980.471,2055544.017,2143027.859,2206721.64,2127307.672,2358135.822,2447663.847,2268806.867,2040335.212,1921807.345,1935097.46,2072794.222,2095289.43,2204852.252,2254611.702,2274424.046,2333256.581,2328407.765,2389289.68,2532555.655,2454124.316,2249071.06,2213764.719,2281866.941,2308017.238,2259320.139,2256284.867,2300041.241,2324238.935,2535039.422,2578342.935,2671512.558,2385370.488,2312899.557,2301307.893,2292664.504,2317604.114,2277508.709,2283372.222,2313566.745,2365788.989,2481667.038,2697022.118,2779518.646,2588328.18,2417687.451,2377405.727,2326193.024,2324411.767,2332972.35,2476443.751,2376065.56,2504312.003,2757820.41,2875369.558,2835663.841,2859228.572,2584579.583,2614662.653,2499170.868,2634444.669,2444175.359,2564772.398,2602179.307,2534766.964,2709211.072,2964183.834,2965113.37,2620630.658,2545877.188,2478717.394,2518411.387,,,,,
Rio Grande do Sul,1780912.478,1824346.494,1941380.735,1966239.895,1842967.585,1774798.671,1781687.712,1781966.118,1767873.499,1728423.455,1621708.885,1760276.328,1959006.562,1998335.378,2024384.364,1879515.265,1824247.25,1807791.402,1803627.376,1790649.791,1730504.516,1721825.04,1766221.583,1937836.874,1938876.814,2051927.886,2027020.748,1928254.142,1831310.698,1838966.482,1816864.924,1849906.602,1787706.562,1793809.288,1859919.537,1971304.357,2067396,2089776,2106394,2055988,1979336,1917258,1889248,1934827,1883284,1913330,1932445,2016108,2192337,2219931,2176639,2099352,2007848,1999591,2023359,2034853,1959089,2009662,1955553,2028391,2044046,2090359,2178157,2127132,1974863,1940198,1976978,2002543,1970645,1986525,2014782,2138006,2222844.307,2301403,2372198,2241920,2127813,2094302,2141084,2130929,2046986,2063721,2126412,2359020,2468114,2510085,2447083,2284122,2219989,2196426,2242206,2276926,2192972,2180545,2186602,2424478,2421080,2594285,2647592,2358278,2112787,2233066,2228516,2304592,2244852,2178926,2318992,2468466,2464451,2595215,2486459,2351478,2382185,2293653,2317427,2469443,2346568,2319961,2424648,2504511,2819014,3047886,2682263,2495016,2431557,2336413,2378705,2453773,2397223,2415336,2526220,2654190,2718925.309,2812330.3,2711005,2629654.6,2369742.3,2312310,2290581,2334154.5,2256526,2263496.54,2288796.5,2322857.65,2612238.96,2762022.62,2718245.98,2597643.13,2466497.66,2410183.81,2416272.89,2367043.76,2332865.25,2249645.74,2305684.68,2583953.19,2712978.82,2732254.24,2886028.74,2603220.44,2379274.07,2398719.65,2395691.48,2389707.95,2433882.18,2359202.21,2389456.54,2560483.49,2830644.651,2751006.281,2815809.502,2604430.878,2576792.909,2414995.613,2477523.968,2510667.875,2406664.519,2412211.985,2459971.602,2506845.702,2838638.07,2883086.325,2743887.324,2532741.823,2545540.255,2419625.345,2405340.773,2447569.068,2363605.278,2419365.565,2511555.475,2624849.116,2838248.176,2796166.949,2811156.004,2452791.46,2211861.721,2136854.839,2319296.164,2362432.596,2316033,2329965.805,2424696.95,2562841.933,2814697.539,2738598.27,2699319.037,2691904.966,2516268.59,2382672.167,2428787.98,2454518.628,2272740.167,2302179.794,2424207.02,2588499.689,2892228.476,2843122.965,2853347.789,2552797.965,2309233.037,2426571.328,2470535.81,2414224.632,2398093.803,2281819.509,2401210.5,2703558.001,2766682.595,2894929.539,3013326.498,2918029.16,2463457.597,2440947.716,2461912.14,2459000.085,2463568.229,2412491.048,2499647.264,2662957.281,2772863.771,2958557.988,3057378.912,2815124.454,2465771.387,2432816.726,2489718.052,2780699.291,2588019.689,2537101.19,2689926.767,2753942.671,2780461.526,3201647.384,3088918.254,2738836.879,2626442.275,2615936.87,2766216.447,,,,,
Mato Grosso do Sul,272917.392,270613.419,278720.537,290653.116,267345.264,251956.737,251231.949,270452.775,270627.752,278831.718,272868.215,286730.5,284291.172,267508.941,300899.287,307086.027,290130.16,269369.262,260204.36,260890.639,273153.955,270465.96,278946.39,283976.426,279925.756,282430.565,290346.629,295096.328,266609.627,260415.086,265042.953,276585.471,272468.497,282904.981,295569.017,300343.511,290614,288539,304444,316217,293543,266893,273659,273494,292190,307795,304412,312955,288472,295967,304564,304043,298123,276653,280341,307576,315694,310451,334177,322680,306892,310382,331479,353834,332116,293793,286498,294135,305141,314098,332726,345613,327164,331736,348662,358592,328538,304394,318249,322370,345193,336921,336978,358510,352957,352051,363169,372480,356284,327596,329247,352590,367021,366337,371182,391250,383280,385445,404147,390820,369896,350709,345833,378165,399344,408924,434131,443258,429745,429336,434796,427766,414597,402230,383320,410815,413887,428395,457463,465456,452981,463726,451119,449650,425993,393056,401400,421328,447608,478585,488993,470924,486630,477913,473577,465487,423792,399567,394509,403744,441157,459752,466835,444863,448502,461606,468871,480899,432614,388727,384434,416066,416888,435807,455027,456702,479908,468162,513131,473843,440353,426459,405929,445436,476137,482407,481266,476289,493201.95,486456.526,514369.295,527987.431,498361.852,433947.918,441261.041,456398.646,430360.408,488242.431,498021.127,496348.805,546145.369,558347.276,523157.84,512853.636,506660.948,454805.156,455605.666,469432.914,497619.862,529217.302,553855.89,534368.052,525224.65,557531.154,570017.215,523702.587,482955.28,442767.277,463641.481,510784.13,538895.5,566296.245,525311.623,563670.671,557996.763,517316.414,563738.133,575987.973,510356.652,488698.941,467458.935,483552.572,542711.03,543038.09,531198.229,559317.812,573378.749,555793.654,607784.641,550558.958,505387.439,454590.238,479625.879,511463.745,501949.21,515289.627,518145.72,532950.988,538858.329,539954.979,550703.646,569035.624,498913.714,458862.11,452296.138,513420.423,539191.576,602605.806,589264.148,590317.625,601144.009,601134.962,631103.16,626833.681,602592.09,538600.383,551330.494,560659.403,548826.401,601885.042,589623.49,612664.13,595393.042,629392.684,633425.304,597367.539,546287.119,503546.622,494914.449,,,,,
Mato Grosso,292173.424,296942.361,332886.989,353039.536,328933.88,328386.087,353610.627,344131.225,364076.275,362464.526,346869.607,344088.256,311955.86,332028.39,370910.307,376985.129,366865.712,369295.523,371866.681,362958.052,381699.55,364609.763,359360.387,352507.864,322865.042,352411.064,372387.501,369401.393,338953.421,353588.102,369394.931,383804.439,392503.728,386879.447,384119.968,372736.17,351185,374711,403350,415005,399434,380684,405480,410786,428512,444506,409820,391390,374025,389138,419658,420074,409064,422938,445126,465079,493247,480072,468569,437229,414707.2,433016.01,469019.01,458656.5,462282.3,445551.45,478149.23,481842.5,492860.71,497430.74,462376.6,444429.6,440422,435924,505026,483219,485674,476234,494398,476471,510736,525271,485645,466670,444178,449033,521621,510308,515724,502477,513949,551716,584578,585531,553710,545194,483515,511362,558428,550194,560115,539218,578595,596089,610653,652960,615788,581115,568878,560792,614170,618854,611224,615673,650483,646416,637021,685951,659978,640158,570275,596780,635288,653297,667553,640633,668149,694329,729305,774300,726365,669071,619885,634099,666828,665591,640416,654879,661650,687261,739218,744850,705889,691676,623158,656234,692601,708787,661121,650785,659836,702379,688823,686056,667997,630231,628327,657465,706312,698378,709430,713467,693316,727634,814280,778714,735574,712264,671485.75,692541.685,742591.316,711946.021,740429.802,679850.397,732467.837,737807.807,787125.857,817026.519,789604.03,738774.582,731321.386,741401.239,761091.686,757312.341,770619.14,748311.846,777470.998,795043.882,876336.567,859615.042,832511.61,807016.629,754832.36,797215.265,806474.755,768116.142,764911.289,724104.128,798764.883,800466.25,866830.569,947157.693,904893.089,866205.778,749462.527,791542.081,827515.738,758897.101,771687.258,805581.202,775535.508,827059.071,912263.806,905861.191,823229.693,821405.423,771028.146,754479.579,833712.186,822790.423,821057.088,814247.909,828601.219,875770.364,905676.488,886342.826,837104.58,848028.936,750657.865,760977.25,850259.55,819745.027,836889.356,822027.049,804536.285,929616.387,988707.191,1001325.119,1028469.171,980062.982,894993.358,877192.172,938563.295,920272.049,927730.54,844334.975,882541.202,936424.678,985363.593,1106858.208,1007852.313,907763.303,883177.021,887593.755,930061.96,930600.559,958329.164,889878.629,894043.353,,,,,
Goias,630624,602529,622783,644083,654000,687091,688157,716152,750537,746582.587,649537.372,658675.729,651985.909,646489.605,650791.223,706733.05,692305.137,687207.522,751589.761,752015.574,764605.826,752864.849,742612.364,672949.34,678989.953,684590.72,685898.818,701304.123,712578.919,729131.208,735545.986,772086.011,754545.924,758927.22,701107.664,700696.766,773375,702031,720266,779097,777485,750637,749426,783267,762023,798866,756981,707190,754671,754858,732629,773211,852742,861184,822396,867613,872903,893554,891862,791294,793156.6,785803.7,809246.5,864139.3,840587.6,841949.5,883904,925403.1,912528,931116.4,882384.2,833401.9,847510,863947,843703,889239,913241,946712,906370,974742,974159,952986,907340,885328,853675,878659,907755,928491,966725,975965,974878,1008945,1101521,1088673,1018527,1002578,1025242,1035071,1050279,1072537,1107078,1073841,1036234,1088425,1135062,1171214,1108416,1100979,1093304.348,1061414.582,1063478.872,1106136.885,1160697.396,1136957.096,1165115.853,1245556.217,1232646.576,1209269.35,1234923.898,1167053.106,1164359.922,1181826.174,1165407.741,1175688.969,1211759.402,1228425.057,1156444.843,1267715.86,1299797.284,1283065.291,1242969.443,1123946.117,1141424.79,1213778.38,1067111.95,1100809.84,1188534.46,1168243.73,1161637.37,1210705.64,1280084.55,1367404.05,1323164.88,1190995.89,1223461.96,1196981.72,1215447.35,1330504.52,1267660.08,1263377.59,1274385.6,1277976.07,1313837.24,1304444.24,1271581.52,1175976.31,1266856.53,1196237.677,1230833.149,1294256.527,1298681.365,1294442.94,1273369.67,1277716.55,1368285.62,1325934.69,1349391.15,1218340.11,1241869,1210057,1276484,1315064.72,1263527,1316031,1345905,1420133.48,1402386,1451999,1344431,1404295,1353168.549,1361447.838,1311973.129,1300304.64,1360496.679,1337363.47,1340106.932,1363240.211,1462048.04,1510877.951,1432740.722,1350280.91,1355105.055,1330910.007,1329392.743,1326115.378,1320232.223,1310548.021,1336592.724,1420967.875,1463864.622,1569814.466,1441493.341,1463339.821,1350597.493,1347748.805,1368508.965,1409628.894,1417275.785,1474551.601,1411195.869,1392051.07,1547367.238,1588550.986,1472422.709,1481524.644,1385566.54,1388130.274,1403617.871,1496827.687,1504165.901,1481428.951,1480861.483,1482074.746,1563276.625,1561112.339,1552335.99,1524158.8,1429989.592,1404409.976,1480691.346,1570347.766,1522783.832,1542877.819,1502444.05,1565876.852,1630144.752,1753598.343,1810995.297,1791258.915,1655495.538,1592102.989,1642508.93,1667302.152,1690110.858,1697839.429,1652789.009,1665784.086,1728561.373,1867675.796,1743867.378,1706600.153,1632337.568,1640047.379,1722041.575,1774635.259,1698614.358,1715061.057,1665211.356,,,,,
Distrito Federal,311459,285928,300453,322911,315509,309763,318750,314954,341926,355619.641,335532.103,345619.024,336585.451,323650.806,327710.559,335980,323056.36,338616.02,342279.49,341207,353607,368043,361834.775,350343,334796.152,347621.225,347386.718,375398.041,366130.331,344552.316,341656.337,352386.794,384076.244,367571.058,379446.869,368599.658,362695,355954,366255,403580,379917,384551,380616,384549,397029,408005,406806,401119,394358,391638,377687,410550,410493,411509,398730,402148,426276,440025,443070,414038,425842,407421,420335,440203,430511,426395,424463,434027,455745,461821,450349,468621,457229,439139,471306,457370,463360,472832,446845,465949,484181,478401,481463,484131,485752,476577,468586,499558,508086,472184,497642,496002,512108,507069,493587,500796,477702,483735,505887,518193,520282,523866,495934,518227,528131,539644,550607,519158,536145,528037,527417,534635,541890,510766,548897,558293,556038,551514,573042,566765,590201,550362,548155,545151,564523,545413,535941,569003,565359,601008,600090,557150,563154,552325,525067,544580,547046,541127,526719,542474,559449,591717,586975,567368,547391,517258,545403,571009,544939,541398,522116,528651,559520,546122,539409,547451,528225,518055,497709,530581,525176,533665,503047,490296,524151,511668,543108,504516,515061.268,516046.624,498281.169,531859.889,511465.689,512945.481,486942.364,508997.224,538285.689,557177.304,539795.166,502806.909,522500,544833,507842,513168,537185,517068,488000,509917,530797,546755,580425,516891,534565,515119,514340,506490,490996,465894,480029,513624,520167,565608,544432,518259,522106,510621,512901,538323,518947,534134,501521,531618,563586,568608,544758,559551,524170,512836,536475,546489,534322,537377,510308,531299,564877,576149,565197,548597,520127.77,530464.99,561423.77,550587.77,518144.77,543061.77,510807.77,537404.77,572029.77,596026.77,604826.77,605955.77,550659.471,564530.983,550704.027,548624.423,559344.555,559435.913,509100.198,530243.553,552742.381,566541.499,567066.041,557184.228,506167,543253,571936,549810,544717,522435,502775.5,,,,,
